{
  "project_info": {
    "project_number": "376099547143",
    "project_id": "intents-25c39",
    "storage_bucket": "intents-25c39.appspot.com"
  },
  "client": [
    {
      "client_info": {
        "mobilesdk_app_id": "1:376099547143:android:25b3e8ce96503cab52a2a2",
        "android_client_info": {
          "package_name": "com.example.intents"
        }
      },
      "oauth_client": [
        {
          "client_id": "376099547143-g3nvnb7rs8nv6rk54kumm82njvsnj6qn.apps.googleusercontent.com",
          "client_type": 3
        }
      ],
      "api_key": [
        {
          "current_key": "AIzaSyD0DlLa_RVY_hjg9Lmw8CN3v2XizOORt_c"
        }
      ],
      "services": {
        "appinvite_service": {
          "other_platform_oauth_client": [
            {
              "client_id": "376099547143-g3nvnb7rs8nv6rk54kumm82njvsnj6qn.apps.googleusercontent.com",
              "client_type": 3
            }
          ]
        }
      }
    }
  ],
  "configuration_version": "1"
}